-- phpMyAdmin SQL Dump
-- version 4.7.9
-- https://www.phpmyadmin.net/
--
-- Host: 127.0.0.1:3306
-- Generation Time: 2018-06-19 13:21:20
-- 服务器版本： 5.7.21
-- PHP Version: 5.6.35

SET SQL_MODE = "NO_AUTO_VALUE_ON_ZERO";
SET AUTOCOMMIT = 0;
START TRANSACTION;
SET time_zone = "+00:00";


/*!40101 SET @OLD_CHARACTER_SET_CLIENT=@@CHARACTER_SET_CLIENT */;
/*!40101 SET @OLD_CHARACTER_SET_RESULTS=@@CHARACTER_SET_RESULTS */;
/*!40101 SET @OLD_COLLATION_CONNECTION=@@COLLATION_CONNECTION */;
/*!40101 SET NAMES utf8mb4 */;

--
-- Database: `mytrain`
--

-- --------------------------------------------------------

--
-- 表的结构 `buy`
--

DROP TABLE IF EXISTS `buy`;
CREATE TABLE IF NOT EXISTS `buy` (
  `UID` int(11) NOT NULL,
  `TID` int(11) NOT NULL,
  `Date` date NOT NULL
) ENGINE=MyISAM DEFAULT CHARSET=utf8 COLLATE=utf8_unicode_ci;

-- --------------------------------------------------------

--
-- 表的结构 `city`
--

DROP TABLE IF EXISTS `city`;
CREATE TABLE IF NOT EXISTS `city` (
  `Name` varchar(20) COLLATE utf8_unicode_ci NOT NULL DEFAULT '',
  `Province` varchar(20) COLLATE utf8_unicode_ci NOT NULL,
  PRIMARY KEY (`Name`)
) ENGINE=MyISAM DEFAULT CHARSET=utf8 COLLATE=utf8_unicode_ci;

-- --------------------------------------------------------

--
-- 表的结构 `seat`
--

DROP TABLE IF EXISTS `seat`;
CREATE TABLE IF NOT EXISTS `seat` (
  `ID` int(11) NOT NULL AUTO_INCREMENT,
  `TrainNum` int(11) NOT NULL,
  `Car` int(11) NOT NULL,
  `Position` int(11) NOT NULL,
  PRIMARY KEY (`ID`)
) ENGINE=MyISAM DEFAULT CHARSET=utf8 COLLATE=utf8_unicode_ci;

-- --------------------------------------------------------

--
-- 表的结构 `station`
--

DROP TABLE IF EXISTS `station`;
CREATE TABLE IF NOT EXISTS `station` (
  `Name` varchar(20) COLLATE utf8_unicode_ci NOT NULL DEFAULT '',
  `Intro` text COLLATE utf8_unicode_ci,
  `City` varchar(20) COLLATE utf8_unicode_ci DEFAULT NULL,
  PRIMARY KEY (`Name`)
) ENGINE=MyISAM DEFAULT CHARSET=utf8 COLLATE=utf8_unicode_ci;

--
-- 转存表中的数据 `station`
--

INSERT INTO `station` (`Name`, `Intro`, `City`) VALUES
('北京', NULL, '北京'),
('北京西', NULL, '北京'),
('上海', NULL, '上海'),
('北京南', NULL, '北京'),
('郑州', NULL, '郑州'),
('杭州', NULL, '杭州'),
('新乡', NULL, '新乡'),
('广州', NULL, '广州'),
('武汉', NULL, '武汉'),
('长沙', NULL, '长沙'),
('石家庄', NULL, '石家庄'),
('天津', NULL, '天津'),
('济南', NULL, '济南'),
('南京', NULL, '南京'),
('南昌', NULL, '南昌'),
('合肥', NULL, '合肥'),
('呼和浩特', NULL, '呼和浩特'),
('南宁', NULL, '南宁'),
('重庆', NULL, '重庆'),
('贵阳', NULL, '贵阳'),
('西安', NULL, '西安'),
('成都', NULL, '成都'),
('昆明', NULL, '昆明'),
('西宁', NULL, '西宁'),
('兰州', NULL, '兰州'),
('乌鲁木齐', NULL, '乌鲁木齐'),
('银川', NULL, '银川'),
('太原', NULL, '太原'),
('沈阳', NULL, '沈阳'),
('长春', NULL, '长春'),
('哈尔滨', NULL, '哈尔滨'),
('无锡', NULL, '无锡'),
('苏州', NULL, '苏州'),
('昆山南', NULL, '昆山'),
('上海虹桥', NULL, '上海');

-- --------------------------------------------------------

--
-- 表的结构 `through`
--

DROP TABLE IF EXISTS `through`;
CREATE TABLE IF NOT EXISTS `through` (
  `TrainNum` varchar(10) COLLATE utf8_unicode_ci NOT NULL,
  `Station` varchar(20) COLLATE utf8_unicode_ci NOT NULL,
  `StartTime` time DEFAULT '00:00:00',
  `ArriveTime` time DEFAULT '00:00:00',
  `AllTime` time NOT NULL,
  `AllMile` int(11) NOT NULL,
  `Order` int(11) NOT NULL,
  `AllPrice` int(11) NOT NULL DEFAULT '0'
) ENGINE=MyISAM DEFAULT CHARSET=utf8 COLLATE=utf8_unicode_ci;

--
-- 转存表中的数据 `through`
--

INSERT INTO `through` (`TrainNum`, `Station`, `StartTime`, `ArriveTime`, `AllTime`, `AllMile`, `Order`, `AllPrice`) VALUES
('D3211', '余姚', '09:05:00', '09:03:00', '01:13:00', 123, 2, 38),
('D3211', '杭州', '07:50:00', '00:00:00', '00:00:00', 0, 1, 0),
('D321', '上海虹桥', '00:00:00', '07:15:00', '09:54:00', 1454, 5, 327),
('D321', '昆山南', '06:56:00', '06:54:00', '09:33:00', 1404, 4, 319),
('D321', '苏州', '06:42:00', '06:40:00', '09:19:00', 1370, 3, 309),
('D321', '无锡', '06:25:00', '06:23:00', '09:02:00', 1328, 2, 301),
('D321', '北京南', '21:21:00', '00:00:00', '00:00:00', 0, 1, 0),
('D3211', '宁波东', '09:44:00', '09:42:00', '01:52:00', 176, 3, 53),
('D3211', '奉化', '09:59:00', '09:57:00', '02:07:00', 209, 4, 65),
('D3211', '台州', '10:36:00', '10:34:00', '02:44:00', 323, 5, 100),
('D3211', '温岭', '10:48:00', '10:46:00', '02:56:00', 347, 6, 107),
('D3211', '温州南', '11:20:00', '11:18:00', '03:28:00', 446, 7, 138),
('D3211', '鳌江', '11:38:00', '11:36:00', '03:46:00', 486, 8, 151),
('D3211', '宁德', '12:26:00', '12:24:00', '04:34:00', 652, 9, 202),
('D3211', '福州南', '12:58:00', '12:56:00', '05:06:00', 740, 10, 229),
('D3211', '泉州', '13:44:00', '13:41:00', '05:51:00', 895, 11, 277),
('D3211', '厦门', '00:00:00', '14:22:00', '06:32:00', 997, 12, 309),
('D121', '北京西', '14:30:00', '00:00:00', '00:00:00', 0, 1, 0),
('D121', '石家庄', '16:28:00', '16:26:00', '01:56:00', 277, 2, 86),
('D121', '邯郸', '17:33:00', '17:32:00', '03:02:00', 442, 3, 137),
('D121', '新乡', '18:50:00', '18:49:00', '04:19:00', 609, 4, 189),
('D121', '郑州', '19:33:00', '19:31:00', '05:01:00', 689, 5, 213),
('D121', '许昌', '20:08:00', '20:07:00', '05:37:00', 775, 6, 218),
('D121', '漯河', '20:33:00', '20:32:00', '06:02:00', 829, 7, 218),
('D121', '驻马店', '21:00:00', '20:59:00', '06:29:00', 895, 8, 220),
('D121', '信阳', '21:39:00', '21:38:00', '07:08:00', 991, 9, 239),
('D121', '汉口', '00:00:00', '23:32:00', '09:02:00', 1205, 10, 281),
('D123', '北京西', '09:47:00', '00:00:00', '00:00:00', 0, 1, 0),
('D123', '保定', '10:46:00', '10:45:00', '00:58:00', 146, 2, 45),
('D123', '石家庄', '11:49:00', '11:47:00', '02:00:00', 277, 3, 86),
('D123', '安阳', '13:23:00', '13:22:00', '03:35:00', 502, 4, 155),
('D123', '郑州', '14:48:00', '14:46:00', '04:59:00', 689, 5, 213),
('D123', '漯河', '15:38:00', '15:37:00', '05:50:00', 829, 6, 218),
('D123', '信阳', '16:39:00', '16:38:00', '06:51:00', 991, 7, 239),
('D123', '武汉', '00:00:00', '18:30:00', '08:43:00', 1200, 8, 281),
('D122', '武汉', '11:30:00', '00:00:00', '00:00:00', 0, 1, 0),
('D122', '信阳', '13:09:00', '13:08:00', '01:38:00', 209, 2, 66),
('D122', '驻马店', '13:50:00', '13:49:00', '02:19:00', 305, 3, 95),
('D122', '漯河', '14:16:00', '14:15:00', '02:45:00', 371, 4, 116),
('D122', '郑州', '15:14:00', '15:09:00', '03:39:00', 511, 5, 159),
('D122', '石家庄', '18:03:00', '18:01:00', '06:31:00', 923, 6, 222),
('D122', '北京西', '00:00:00', '20:05:00', '08:35:00', 1200, 7, 281),
('D124', '汉口', '07:10:00', '00:00:00', '00:00:00', 0, 1, 0),
('D124', '孝感', '07:47:00', '07:46:00', '00:36:00', 70, 2, 22),
('D124', '信阳', '08:58:00', '08:57:00', '01:47:00', 214, 3, 66),
('D124', '驻马店', '09:40:00', '09:39:00', '02:29:00', 310, 4, 96),
('D124', '漯河', '10:06:00', '10:05:00', '02:55:00', 376, 5, 116),
('D124', '郑州', '11:07:00', '11:05:00', '03:55:00', 516, 6, 160),
('D124', '安阳', '12:30:00', '12:29:00', '05:19:00', 703, 7, 218),
('D124', '邯郸', '12:59:00', '12:58:00', '05:48:00', 763, 8, 218),
('D124', '石家庄', '14:09:00', '14:07:00', '06:57:00', 928, 9, 222),
('D124', '保定', '15:08:00', '15:07:00', '07:57:00', 1059, 10, 249),
('D124', '北京西', '00:00:00', '16:11:00', '09:01:00', 1205, 11, 281),
('D125', '北京西', '12:27:00', '00:00:00', '00:00:00', 0, 1, 0),
('D125', '保定', '13:26:00', '13:25:00', '00:58:00', 146, 2, 46),
('D125', '石家庄', '14:30:00', '14:28:00', '02:01:00', 277, 3, 86),
('D125', '安阳', '16:04:00', '16:03:00', '03:36:00', 502, 4, 155),
('D125', '郑州', '17:29:00', '17:27:00', '05:00:00', 689, 5, 213),
('D125', '漯河', '18:24:00', '18:23:00', '05:56:00', 829, 6, 218),
('D125', '驻马店', '18:50:00', '18:49:00', '06:22:00', 895, 7, 220),
('D125', '信阳', '19:28:00', '19:27:00', '07:00:00', 991, 8, 239),
('D125', '孝感', '20:41:00', '20:40:00', '08:13:00', 1135, 9, 263),
('D125', '汉口', '00:00:00', '21:25:00', '08:58:00', 1205, 10, 281),
('D126', '汉口', '08:11:00', '00:00:00', '00:00:00', 0, 1, 0),
('D126', '信阳', '09:57:00', '09:56:00', '01:45:00', 214, 2, 67),
('D126', '驻马店', '10:36:00', '10:35:00', '02:24:00', 310, 3, 97),
('D126', '漯河', '11:03:00', '11:02:00', '02:51:00', 376, 4, 117),
('D126', '许昌', '11:26:00', '11:25:00', '03:14:00', 430, 5, 134),
('D131', '北京西', '17:47:00', '00:00:00', '00:00:00', 0, 1, 0),
('D131', '保定', '18:46:00', '18:45:00', '00:58:00', 146, 2, 45),
('D131', '石家庄', '19:47:00', '19:45:00', '01:58:00', 277, 3, 86),
('D131', '新乡', '22:00:00', '21:59:00', '04:12:00', 609, 4, 189),
('D131', '郑州', '00:00:00', '22:40:00', '04:53:00', 689, 5, 213),
('D126', '郑州', '12:10:00', '12:08:00', '03:57:00', 516, 6, 161),
('D126', '新乡', '12:51:00', '12:50:00', '04:39:00', 596, 7, 186),
('D126', '邯郸', '14:03:00', '14:01:00', '05:50:00', 763, 8, 219),
('D126', '石家庄', '15:14:00', '15:12:00', '07:01:00', 928, 9, 223),
('D126', '保定', '16:12:00', '16:11:00', '08:00:00', 1059, 10, 250),
('D126', '北京西', '00:00:00', '17:15:00', '09:04:00', 1205, 11, 281),
('D132', '郑州', '18:06:00', '00:00:00', '00:00:00', 0, 1, 0),
('D132', '安阳', '19:30:00', '19:29:00', '01:23:00', 187, 2, 58),
('D132', '石家庄', '21:02:00', '21:00:00', '02:54:00', 412, 3, 128),
('D132', '保定', '22:00:00', '21:59:00', '03:53:00', 543, 4, 168),
('D132', '北京西', '00:00:00', '23:02:00', '04:56:00', 689, 5, 213),
('D133', '北京西', '06:54:00', '00:00:00', '00:00:00', 0, 1, 0),
('D133', '保定', '07:53:00', '07:52:00', '00:58:00', 146, 2, 45),
('D133', '石家庄', '08:56:00', '08:54:00', '02:00:00', 277, 3, 86),
('D133', '安阳', '10:30:00', '10:29:00', '03:35:00', 502, 4, 155),
('D133', '新乡', '11:17:00', '11:16:00', '04:22:00', 609, 5, 188),
('D133', '郑州', '00:00:00', '11:58:00', '05:04:00', 689, 6, 213),
('D134', '郑州', '07:22:00', '00:00:00', '00:00:00', 0, 1, 0),
('D134', '新乡', '08:03:00', '08:02:00', '00:40:00', 80, 2, 25),
('D134', '安阳', '08:50:00', '08:49:00', '01:27:00', 187, 3, 58),
('D134', '石家庄', '10:25:00', '10:23:00', '03:01:00', 412, 4, 128),
('D134', '保定', '11:24:00', '11:23:00', '04:01:00', 543, 5, 168),
('D134', '北京西', '00:00:00', '12:26:00', '05:04:00', 689, 6, 213),
('D135', '北京西', '12:46:00', '00:00:00', '00:00:00', 0, 1, 0),
('D135', '石家庄', '14:44:00', '14:42:00', '01:56:00', 277, 2, 86),
('D135', '邯郸', '15:49:00', '15:48:00', '03:02:00', 442, 3, 137),
('D135', '安阳', '16:22:00', '16:21:00', '03:35:00', 502, 4, 155),
('D135', '新乡', '17:09:00', '17:08:00', '04:22:00', 609, 5, 189),
('D135', '郑州', '00:00:00', '17:50:00', '05:04:00', 689, 6, 213),
('D136', '郑州', '12:19:00', '00:00:00', '00:00:00', 0, 1, 0),
('D136', '新乡', '12:59:00', '12:58:00', '00:39:00', 80, 2, 25),
('D136', '安阳', '13:46:00', '13:45:00', '01:26:00', 187, 3, 58),
('D136', '邯郸', '14:15:00', '14:14:00', '01:55:00', 247, 4, 77),
('D136', '石家庄', '15:25:00', '15:23:00', '03:04:00', 412, 5, 128),
('D136', '北京西', '00:00:00', '17:22:00', '05:03:00', 689, 6, 213),
('D137', '北京西', '06:21:00', '00:00:00', '00:00:00', 0, 1, 0),
('D137', '保定', '07:20:00', '07:19:00', '00:58:00', 146, 2, 45),
('D137', '石家庄', '08:23:00', '08:21:00', '02:00:00', 277, 3, 88),
('D137', '邢台', '09:06:00', '09:05:00', '02:44:00', 390, 4, 121),
('D137', '邯郸', '09:32:00', '09:31:00', '03:10:00', 442, 5, 137),
('D137', '安阳', '00:00:00', '10:04:00', '03:43:00', 502, 6, 155),
('D138', '安阳', '10:24:00', '00:00:00', '00:00:00', 0, 1, 0),
('D138', '邯郸', '10:53:00', '10:52:00', '00:28:00', 60, 2, 19),
('D138', '邢台', '11:18:00', '11:17:00', '00:53:00', 112, 3, 35),
('D138', '石家庄', '12:04:00', '12:02:00', '01:38:00', 225, 4, 70),
('D138', '保定', '13:03:00', '13:02:00', '02:38:00', 356, 5, 110),
('D138', '北京西', '00:00:00', '14:05:00', '03:41:00', 502, 6, 155),
('D121', 'test', '00:00:00', '00:00:00', '02:00:00', 20, 20, 20);

-- --------------------------------------------------------

--
-- 表的结构 `ticket`
--

DROP TABLE IF EXISTS `ticket`;
CREATE TABLE IF NOT EXISTS `ticket` (
  `TID` int(11) NOT NULL AUTO_INCREMENT,
  `TrainNum` varchar(11) COLLATE utf8_unicode_ci NOT NULL,
  `UID` int(11) NOT NULL,
  `StartStation` varchar(20) COLLATE utf8_unicode_ci NOT NULL,
  `ArriStation` varchar(20) COLLATE utf8_unicode_ci NOT NULL,
  `StartTime` time NOT NULL,
  `ArriTime` time NOT NULL,
  `Date` date NOT NULL,
  `Price` int(11) NOT NULL,
  `Car` int(11) NOT NULL,
  `Mile` int(11) NOT NULL,
  `Position` int(11) NOT NULL,
  `Type` varchar(20) COLLATE utf8_unicode_ci NOT NULL,
  PRIMARY KEY (`TID`)
) ENGINE=MyISAM AUTO_INCREMENT=276 DEFAULT CHARSET=utf8 COLLATE=utf8_unicode_ci;

--
-- 转存表中的数据 `ticket`
--

INSERT INTO `ticket` (`TID`, `TrainNum`, `UID`, `StartStation`, `ArriStation`, `StartTime`, `ArriTime`, `Date`, `Price`, `Car`, `Mile`, `Position`, `Type`) VALUES
(260, 'D121', 4, '北京西', '郑州', '14:30:00', '19:31:00', '2011-01-01', 213, 1, 689, 3, '动车组'),
(261, 'D121', 4, '北京西', '郑州', '14:30:00', '19:31:00', '2011-01-01', 213, 1, 689, 4, '动车组'),
(262, 'D123', 4, '北京西', '武汉', '09:47:00', '18:30:00', '2011-01-01', 281, 1, 1200, 1, '动车组'),
(263, 'D123', 4, '北京西', '武汉', '09:47:00', '18:30:00', '2011-01-01', 281, 1, 1200, 2, '动车组'),
(243, 'D121', 2, '北京西', '郑州', '14:30:00', '19:31:00', '2011-01-01', 213, 1, 689, 2, '动车组'),
(272, 'D321', 6, '北京南', '上海虹桥', '21:21:00', '07:15:00', '2011-01-01', 327, 1, 1454, 1, '动车组'),
(271, 'D123', 1, '北京西', '郑州', '09:47:00', '14:46:00', '2011-01-01', 213, 1, 689, 4, '动车组'),
(270, 'D123', 1, '北京西', '郑州', '09:47:00', '14:46:00', '2011-01-01', 213, 1, 689, 3, '动车组'),
(269, 'D131', 1, '北京西', '郑州', '17:47:00', '22:40:00', '2011-01-01', 213, 1, 689, 2, '动车组'),
(265, 'D121', 3, '北京西', '郑州', '14:30:00', '19:31:00', '2011-01-01', 213, 1, 689, 6, '动车组'),
(268, 'D131', 1, '北京西', '郑州', '17:47:00', '22:40:00', '2011-01-01', 213, 1, 689, 1, '动车组'),
(264, 'D121', 3, '北京西', '郑州', '14:30:00', '19:31:00', '2011-01-01', 213, 1, 689, 5, '动车组'),
(275, 'D321', 4, '北京南', '上海虹桥', '21:21:00', '07:15:00', '2011-01-01', 327, 1, 1454, 2, '动车组');

-- --------------------------------------------------------

--
-- 表的结构 `train`
--

DROP TABLE IF EXISTS `train`;
CREATE TABLE IF NOT EXISTS `train` (
  `TrainNum` varchar(10) COLLATE utf8_unicode_ci NOT NULL,
  `Type` varchar(20) COLLATE utf8_unicode_ci DEFAULT NULL,
  `Cars` int(11) NOT NULL DEFAULT '0',
  `Carry` int(11) NOT NULL DEFAULT '90',
  PRIMARY KEY (`TrainNum`)
) ENGINE=MyISAM DEFAULT CHARSET=utf8 COLLATE=utf8_unicode_ci;

--
-- 转存表中的数据 `train`
--

INSERT INTO `train` (`TrainNum`, `Type`, `Cars`, `Carry`) VALUES
('D3211', '动车组', 10, 90),
('D321', '动车组', 2, 90),
('D121', '动车组', 10, 90),
('D123', '动车组', 10, 90),
('D122', '动车组', 10, 90),
('D124', '动车组', 10, 90),
('D125', '动车组', 10, 90),
('D126', '动车组', 10, 90),
('D131', '动车组', 10, 90),
('D132', '动车组', 10, 90),
('D133', '动车组', 10, 90),
('D134', '动车组', 10, 90),
('D135', '动车组', 10, 90),
('D136', '动车组', 10, 90),
('D137', '动车组', 10, 90),
('D138', '动车组', 10, 90);

-- --------------------------------------------------------

--
-- 表的结构 `user`
--

DROP TABLE IF EXISTS `user`;
CREATE TABLE IF NOT EXISTS `user` (
  `UID` int(11) NOT NULL AUTO_INCREMENT,
  `username` varchar(20) COLLATE utf8_unicode_ci NOT NULL,
  `password` varchar(20) COLLATE utf8_unicode_ci NOT NULL,
  `truename` varchar(20) COLLATE utf8_unicode_ci DEFAULT NULL,
  `idnumber` varchar(20) COLLATE utf8_unicode_ci DEFAULT NULL,
  `type` int(11) NOT NULL DEFAULT '0',
  PRIMARY KEY (`UID`)
) ENGINE=MyISAM AUTO_INCREMENT=8 DEFAULT CHARSET=utf8 COLLATE=utf8_unicode_ci;

--
-- 转存表中的数据 `user`
--

INSERT INTO `user` (`UID`, `username`, `password`, `truename`, `idnumber`, `type`) VALUES
(1, 'a', 'a', NULL, NULL, 0),
(2, 'test', 'test', 'Test', 'Test', 0),
(3, '新用户', '111', '张三', '111111111111111111', 0),
(4, 'admin', 'admin', 'admin', '', 1);
COMMIT;

/*!40101 SET CHARACTER_SET_CLIENT=@OLD_CHARACTER_SET_CLIENT */;
/*!40101 SET CHARACTER_SET_RESULTS=@OLD_CHARACTER_SET_RESULTS */;
/*!40101 SET COLLATION_CONNECTION=@OLD_COLLATION_CONNECTION */;
